,References_id
0,643,ASP3026,11
0,1032,methylnaltrexone,36
0,910,Sapitinib,42
0,1005,CUDC-101,43
0,1027,JNJ-26483327,45
0,727,ENMD-2076,47
0,1038,MVAp53,56
0,998,cabozantinib,59
0,884,RAF265,61
0,1030,LY2801653,65
0,975,ABT-348,70
0,1009,Doxorubicin,96
1,1013,epirubicin,96
0,680,BKM120,156
0,1049,Safingol,159
0,1047,Rilutek,160
0,1025,ISIS-13650,163
0,1026,Itraconazole,166
0,985,Antroquinonol,168
0,748,GDC-0623,187
0,995,Copanlisib,188
0,1003,CO1686,194
0,4677,AB0023,202
0,1002,CEP-32496,203
0,3653,AT13148,204
0,987,AR-42,205
0,1016,GDC-0032,206
0,851,PD0166285,209
0,1040,PF-05212384,220
1,872,PKI-179,220
0,617,A66,223
0,865,PF-04691502,226
0,691,BYL719,236
0,5707, PF-06688992,275
1,5766,ABBV-181,275
2,5446,ABBV-368,275
3,5050,ABBV-428,275
4,5142,ABBV-927,275
5,4461,AdV-tk,275
6,5753,AK-01,275
7,4298,ALKS 4230,275
8,5211,ALX148,275
9,6261,AMG 596,275
10,4331,ARQ 751,275
11,4223,AZD4635,275
12,5692,BI 754091,275
13,5690,BI 754111,275
14,6262,BI 891065,275
15,3559,BMS-986156,275
16,4030,BMS-986178,275
17,4194,BMS-986179,275
18,5628,BMS-986183,275
19,3568,BMS-986205,275
20,4887,BMS-986207 ,275
21,5551,BMS-986218,275
22,6134,BMS-986226,275
23,3822,BPI-9016M,275
24,3571,CPI-444 ,275
25,5243,CV301,275
26,5208,CX-072,275
27,5709,CX-2009,275
28,4343,DS6051b,275
29,4971,FAZ053,275
30,4336,FT-2102,275
31,5181,GDC-0077,275
32,3561,GS-5829 + Exemestane,275
33,5222,HER2-pulsed DC1 vaccine,275
34,3938,HLX07,275
35,3670,HMPL-453,275
36,3669,HMPL-689,275
37,2457,HS-110,275
38,4325,IGF-1R/AS ODN,275
39,4319,INCB057643 ,275
40,5832,INCB062079,275
41,5405,Intuvax,275
42,3614,JNJ-61610588 ,275
43,5803,KITE-718,275
44,5802,KITE-796,275
45,6298,LHC165,275
46,5702,LOXO-292,275
47,4439,LSZ 102,275
48,4315,LY2880070,275
49,3562,LY3127804 ,275
50,4368,LY3300054,275
51,5556,LY3321367,275
52,6281,LZM009,275
53,6059,M3541,275
54,3560,MBG453,275
55,5790,MEDI0457,275
56,5216,MEDI3726,275
57,5588,MEDI5083,275
58,5762,MEDI7247,275
59,4726,MEDI9090 ,275
60,5813,MGA012,275
61,6038,MK-1308,275
62,5347,MK-1454,275
63,6130,MK-2118,275
64,4212,MK-4280,275
65,5218,MK-7684,275
66,6314,MS201408-0005A,275
67,6315,MS201408-0005B,275
68,6316,MS201408-0005C,275
69,3246,Narnatumab,275
70,5773,Navicixizumab,275
71,4732,NEO-PV-01,275
72,5704,PAN-301-1,275
73,3564,PF-06755990,275
74,3563,PF-06755992 ,275
75,6324,PLX2853,275
76,4332,PLX73086,275
77,5820,PT 2977,275
78,5823,RNA CART-cMET,275
79,6000,RNA CART19 cells,275
80,4330,RO6874813,275
81,5764,RO7082859,275
82,6234,RO7198457,275
83,5933,SAR439459,275
84,4326,SDX-7320,275
85,5763,SPL-108,275
86,5786,SX-682,275
87,4322,SYM015,275
88,3668,Theliatinib,275
89,5835,TRK-950,275
90,4139,TRPH 011 ,275
91,3570,X4P-001,275
0,6262,BI 891065,285
1,6054,Trigriluzole,285
0,623,Afatinib,286
1,1392,Alclometasone,286
2,640,Arsenic trioxide,286
3,649,Axitinib,286
4,1078,Belinostat,286
5,667,Bevacizumab,286
6,1507,Bicalutamide,286
7,1876,Blinatumomab ,286
8,688,Bortezomib,286
9,690,Bosutinib,286
10,998,cabozantinib,286
11,2124,Celecoxib,286
12,789,Ceritinib,286
13,694,Cetuximab,286
14,1004,Cobimetinib,286
15,706,Crizotinib,286
16,1148,Cyclophosphamide,286
17,3,Dabrafenib,286
18,1154,Dacarbazine,286
19,717,Dasatinib,286
20,1006,Daunorubicin,286
21,1007,Daunoxome,286
22,1008,Doxil,286
23,1009,Doxorubicin,286
24,1356,Durvalumab,286
25,1013,epirubicin,286
26,4,Erlotinib,286
27,3610,Fingolimod,286
28,751,Gefitinib,286
29,756,Gemtuzumab ozogamicin,286
30,1022,Idarubicin,286
31,770,Imatinib,286
32,787,Lapatinib,286
33,794,Letrozole,286
34,1207,Melphalan,286
35,829,Nilotinib,286
36,1090,Ofatumumab,286
37,850,Palbociclib,286
38,1080,Panobinostat,286
39,848,Pazopanib,286
40,856,Pertuzumab,286
41,877,Ponatinib,286
42,886,Ramucirumab,286
43,1721,Ramucirumab + Paclitaxel,286
44,890,Regorafenib,286
45,1075,romidepsin,286
46,907,Ruxolitinib,286
47,3485,siltuximab,286
48,920,Sorafenib,286
49,2126,Sulindac,286
50,930,Sunitinib,286
51,941,Tofacitinib,286
52,2,Trametinib,286
53,947,Trastuzumab,286
54,1402,trastuzumab emtansine,286
55,1076,Valproic acid,286
56,1056,Valstar,286
57,953,Vandetanib,286
58,342,Vemurafenib,286
59,1562,Venetoclax,286
60,1685,Vinorelbine,286
61,956,Vismodegib,286
62,1077,Vorinostat,286
0,1332, octreotide acetate  ,287
1,1425,131I-MIBG,287
2,1071,212Pb-TCMC-Trastuzumab,287
3,4137,4SC-205,287
4,2131,81C6,287
5,2485,90Y basiliximab,287
6,4317,AB-16B5,287
7,3846,ABBV-085,287
8,2914,ABBV-221,287
9,802,Abemaciclib,287
10,1081,Abexinostat,287
11,619,Abraxane,287
12,976,ABT-414,287
13,1772,ABT-737,287
14,4133,ABT-767,287
15,2909,AC0010MA,287
16,977,AC480,287
17,1605,Acalabrutinib,287
18,3265,ACP-319,287
19,1613,ACY-1215,287
20,4250,Ad-RTS-IL-12 plus AL,287
21,978,Ad.p53-DC vaccine,287
22,979,Ad5CMV-p53 gene,287
23,621,AEB071,287
24,623,Afatinib,287
25,5132,Afimoxifene,287
26,624,Aflibercept,287
27,1491,AG-120,287
28,2995,AG-881,287
29,5695,AGEN1884,287
30,3170,AKN-028,287
31,980,AL-3818,287
32,1167,Aldesleukin,287
33,1440,Aldoxorubicin,287
34,626,Alisertib,287
35,1187,Alpha 2 Interferon,287
36,2273,ALRN-6924,287
37,1656,Altiratinib,287
38,2621,AM0010 ,287
39,982,AMG 319,287
40,1064,AMG 337,287
41,983,AMG 900,287
42,630,AMG208,287
43,3337,AMP-224,287
44,632,Amuvatinib,287
45,633,Anastrozole,287
46,1844,anti-thymocyte globulin,287
47,984,Anti-VEGFR2 CAR CD8 lymphocytes,287
48,634,AP26113,287
49,986,Apatinib,287
50,1946,APR-246,287
51,3835,APX005M,287
52,2157,ARGX-111,287
53,1947,ARN-509,287
54,2900,ARQ 087,287
55,635,ARQ092,287
56,2841,ARRY-382,287
57,1082,ASP8273,287
58,1759,ASTX727,287
59,644,AT-101,287
60,1201,Atezolizumab,287
61,1403,Autologous TGF beta resistant HER2 EBV CTLs,287
62,990,AV-412,287
63,2917,Avitinib,287
64,1068,AVX901,287
65,649,Axitinib,287
66,651,Azacitidine,287
67,3557,AZD0156,287
68,2535,AZD0424,287
69,2912,AZD3759,287
70,992,AZD8186,287
71,2013,AZD8835,287
72,2782,AZD9150 ,287
73,2997,AZD9496,287
74,2934,B-701,287
75,666,BAY1082439,287
76,994,BAY1125976,287
77,3445,BAY1161909,287
78,2932,BAY1179470,287
79,2931,BAY1187982,287
80,3446,BAY1217389,287
81,1945,BBI503,287
82,5478,BCG Tokyo-172 Strain Solution,287
83,1078,Belinostat,287
84,1231,Bendamustine,287
85,672,BEZ235,287
86,2544,BGB-3111,287
87,674,BGJ398,287
88,1059,BI-847325,287
89,676,BI2536,287
90,807,Binimetinib,287
91,680,BKM120,287
92,1876,Blinatumomab ,287
93,3165,BLU-554,287
94,5530,BLU-667,287
95,2415,BMS-833923,287
96,4534,BMS-986012,287
97,4196,BMS-986016,287
98,4923,BMS-986148,287
99,3245,BMS753493,287
100,2811,BMS986158,287
101,6053,BPX-501,287
102,5991,BPX-701,287
103,1206,Busulfan,287
104,997,BVD-523,287
105,691,BYL719,287
106,1866,c-myb antisense oligonucleotide G4460,287
107,1571,Cabazitaxel,287
108,2889,calcitriol,287
109,1105,Capecitabine,287
110,1065,Capmatinib,287
111,1092,Carboplatin,287
112,999,Carboxyamidotriazole Orotate,287
113,1624,Carfilzomib,287
114,1242,Carotuximab,287
115,1944,CB-5083,287
116,1667,CB-839,287
117,1000,CC-115,287
118,693,CC-223,287
119,2874,CC-90003,287
120,1227,CD3/CD28 costimulated vaccine-primed autologous T-cells,287
121,2054,CDX-3379,287
122,1001,Cediranib,287
123,2147,CEP-37440,287
124,694,Cetuximab,287
125,2825,CFG920,287
126,1998,Chiauranib,287
127,700,Cisplatin,287
128,701,Cixutumumab,287
129,5329,CK-101,287
130,1767,Cladribine,287
131,1464,CLR457,287
132,4246,CM-24,287
133,4318,CMB305,287
134,2164,cMet RNA CAR T cells,287
135,1004,Cobimetinib,287
136,5928,Conjugated estrogens/bazedoxifene,287
137,2033,CPI-0610,287
138,2733,CPI-1205,287
139,705,Crenolanib,287
140,706,Crizotinib,287
141,1460,Crolibulin,287
142,1148,Cyclophosphamide,287
143,2528,CYP17 lyase inhibitor ASN001,287
144,712,Cytarabine,287
145,3,Dabrafenib,287
146,1154,Dacarbazine,287
147,714,Dacomitinib,287
148,1244,dalantercept  ,287
149,1630,Daratumumab,287
150,717,Dasatinib,287
151,1006,Daunorubicin,287
152,1007,Daunoxome,287
153,2017,DCBCI0901,287
154,4316,DCC-2618,287
155,3122,DCR-MYC,287
156,5205,DCVax-L,287
157,1324,DEC-205-NY-ESO-1 fusion protein vaccine,287
158,650,Decitabine,287
159,2007,Demcizumab,287
160,1198,Denosumab,287
161,1390,Dexamethasone,287
162,719,Dinaciclib,287
163,2286,Dinutuximab  ,287
164,1855,DMUC5754A,287
165,4407,DNX-2401,287
166,720,Docetaxel,287
167,1313,DOTAP:chol-Fus1,287
168,721,Dovitinib,287
169,1008,Doxil,287
170,1391,Doxycycline,287
171,4237,DPX-Survivac,287
172,1181,DS-2248,287
173,2079,DS-3032b,287
174,5691,DS-3201b,287
175,722,DS-7423,287
176,4343,DS6051b,287
177,4320,DSP-7888,287
178,1356,Durvalumab,287
179,1024,Duvelisib,287
180,1011,E6201,287
181,2539,E7016,287
182,4927,E7107,287
183,724,E7449,287
184,3244,EC0225,287
185,1603,EC1456,287
186,3243,EC17,287
187,2629,Eflornithine,287
188,1309,EGF816,287
189,2130,EGFR Antisense DNA,287
190,1012,EGFRBi-armed autologous activated T cells,287
191,1764,Eltrombopag,287
192,725,EMD 1204831,287
193,726,EMD 1214063,287
194,2142,Emepepimut-S  ,287
195,2982,Enasidenib,287
196,1541,Entinostat,287
197,1262,Enzalutamide,287
198,1682,Enzastaurin,287
199,2661,Ethinylestradiol,287
200,1136,Etoposide,287
201,735,Everolimus,287
202,1317,Evofosfamide,287
203,738,Exemestane,287
204,2731,Fenretinide,287
205,3833,FF-21101(90Y),287
206,1014,FF-284,287
207,2031,FGF401,287
208,1632,Filgrastim,287
209,1166,Fludarabine,287
210,3169,Flumatinib,287
211,742,Flutamide,287
212,2529,FLX925  ,287
213,743,Foretinib,287
214,1186,Fosbretabulin,287
215,1528,Fostamatinib,287
216,744,Fulvestrant,287
217,1508,galeterone,287
218,745,Ganetespib,287
219,746,Ganitumab,287
220,2913,GC1118,287
221,1015,GCS-100,287
222,2051,GD2Bi-a ATC,287
223,748,GDC-0623,287
224,2150,GDC-0810,287
225,749,GDC-0941,287
226,750,GDC-0980,287
227,755,Gemcitabine,287
228,756,Gemtuzumab ozogamicin,287
229,757,Genistein,287
230,1018,GI-4000,287
231,2129,girentuximab,287
232,1019,Golvatinib,287
233,758,Gonadorelin,287
234,759,Goserelin,287
235,2041,GPX-150,287
236,2053,GRN1005,287
237,1020,GS-6634,287
238,1021,GS-9820,287
239,764,GSK2141795,287
240,765,GSK2636771,287
241,2919,GSK2849330,287
242,4409,GSK3359609,287
243,784,GSK525762,287
244,4468,GWN 323,287
245,2186,HDM201,287
246,4424,Hemay022,287
247,1555,HER-2/neu intracellular domain protein ,287
248,2002,HF10,287
249,3647,HGS1029,287
250,2047,Histrelin acetate,287
251,5279,HMPL-523,287
252,2458,Hu14.18K322A,287
253,1316,Hydroxychloroquine,287
254,6138,IBI308,287
255,3271,ID-LV305,287
256,1022,Idarubicin,287
257,1023,Idelalisib,287
258,2981,IDH305,287
259,3156,IFN-B,287
260,1441,Ifosfamide,287
261,2990,IL-12 gene,287
262,4834,IMA950,287
263,2996,Imalumab,287
264,770,Imatinib,287
265,2980,IMC-3C5,287
266,2056,Imprime PGG,287
267,4321,INCAGN01876,287
268,776,INCB028060,287
269,2021,INCB040093,287
270,2753,INCB047986,287
271,3088,INCB050465 ,287
272,2747,INCB052793,287
273,3696,INCB053914,287
274,4173,INCB054828,287
275,5808,INO-9012,287
276,1733,interferon gamma ,287
277,5262,Interleukin-12,287
278,747,Ipatasertib,287
279,3382,IPH2201,287
280,779,Ipilimumab,287
281,1074,Irinotecan,287
282,1359,Ixazomib,287
283,4364,JCAR014,287
284,783,JNJ 38877605,287
285,1028,JNJ-42756493,287
286,4889,JNJ-64041809,287
287,1699,KD018,287
288,5803,KITE-718,287
289,786,KX2-391,287
290,2887,LAG525,287
291,787,Lapatinib,287
292,1164,lenalidomide,287
293,2416,LEQ506,287
294,794,Letrozole,287
295,1642,Leucovorin,287
296,795,Leuprolide,287
297,1937,LGK974,287
298,2674,liothyronine sodium  ,287
299,5749,LMP744,287
300,3009,Long peptide vaccine 7,287
301,2650,LOXO-101,287
302,5702,LOXO-292,287
303,1029,Lucitanib,287
304,1195,Lurbinectedin,287
305,4442,LXH 254,287
306,3268,LY3009120,287
307,2004,LY3022855,287
308,3164,LY3076226,287
309,1969,LY3164530,287
310,5812,LYC-55716,287
311,3838,MEDI0562,287
312,3120,MEDI0680,287
313,3119,MEDI6383,287
314,1653,MEDI6469,287
315,2401,Medroxyprogesterone,287
316,3012,Melan-A/MART-1 peptide vaccine,287
317,3016,MELITAC 12.1 Peptide Vaccine ,287
318,1207,Melphalan,287
319,1031,Metformin,287
320,5893,MG 98,287
321,808,MGAH22,287
322,809,MGCD265,287
323,1655,MGCD516,287
324,3093,MGD007,287
325,5814,MIK665,287
326,1397,Mithramycin,287
327,1133,Mitomycin C,287
328,1740,Mitoxantrone,287
329,822,MK-1775,287
330,4470,MK-1966,287
331,3153,MK-8242,287
332,815,MK0752,287
333,816,MK2206,287
334,1033,MLN1117,287
335,4199,MLN1202,287
336,1034,MLN2480,287
337,1073,MM-141,287
338,821,MM-151,287
339,1401,MM-302,287
340,2128,motexafin gadolinium,287
341,2772,MPC-3100,287
342,1035,MRX34,287
343,1036,MSC2015103B,287
344,1398,MSC2156119J,287
345,1037,MSC2363318A,287
346,3616,MSC2490484A ,287
347,1273,MVA-MUC1-IL2 vaccine,287
348,1845,Mycophenolate mofetil,287
349,825,Navitoclax,287
350,1429,NC-4016,287
351,5152,Nelipepimut-S Plus GM-CSF,287
352,3006,NeoVax melanoma vaccine,287
353,828,Neratinib,287
354,829,Nilotinib,287
355,1506,nilutamide,287
356,5631,NIS793,287
357,1312,Nivolumab,287
358,6222,NOX66,287
359,5754,NU-0129,287
360,1646,Obinutuzumab,287
361,835,Oblimersen,287
362,836,ODM-201,287
363,1090,Ofatumumab,287
364,1807,OGX-427,287
365,837,Olaparib,287
366,3269,Olaratumab,287
367,1761,omacetaxine,287
368,2732,OMP-305B83 ,287
369,1886,Onapristone,287
370,3051,ONT-10,287
371,6290,Oportuzumab monatox,287
372,1189,Oregovomab,287
373,4327,OSE 2101 ,287
374,660,Osimertinib,287
375,1104,Oxaliplatin,287
376,1039,p53-SLP vaccine,287
377,857,P7170,287
378,1103,Paclitaxel,287
379,845,Panitumumab,287
380,1080,Panobinostat,287
381,848,Pazopanib,287
382,4740,PBF-509,287
383,5816,PD 0360324,287
384,849,PD-0325901,287
385,2659,PDR001,287
386,6251,Peg-interferon alfa-2a,287
387,1638,Pegaspargase,287
388,1476,Pegfilgrastim,287
389,2140,PEGPH20,287
390,852,Pelitinib,287
391,1447,Pembrolizumab,287
392,854,Pemetrexed,287
393,1635,PEPIDH1M vaccine,287
394,856,Pertuzumab,287
395,858,PF-00562271,287
396,859,PF-03084014,287
397,2029,PF-03446962,287
398,864,PF-04217903,287
399,1748,PF-04449913,287
400,4333,PF-04518600,287
401,1040,PF-05212384,287
402,4421,PF-06647020,287
403,2527,PF-06747775  ,287
404,3338,Pidilizumab,287
405,871,Pimasertib,287
406,2908,Pirotinib,287
407,874,PLX3397,287
408,2651,PLX7486,287
409,1041,PLX8394,287
410,2602,PLX9486,287
411,1459,PM060184,287
412,2854,POL6326 ,287
413,1622,Pomalidomide,287
414,1042,poziotinib,287
415,2019,PQR309,287
416,1043,PR610,287
417,1327,Pralatrexate,287
418,2188,Prednisone,287
419,1083,Pri-724,287
420,2939,PTC299,287
421,1162,PU-H71,287
422,5822,pUMVC3-hIGFBP-2 vaccine,287
423,4465,PVX-410,287
424,880,PWT33597,287
425,3082,Pyrotinib,287
426,1044,Quinacrine,287
427,1680,rAD-p53,287
428,2001,radium Ra 223 dichloride,287
429,884,RAF265,287
430,886,Ramucirumab,287
431,1072,REGN1400,287
432,890,Regorafenib,287
433,893,Reolysin,287
434,894,Retaspimycin,287
435,1046,rigosertib,287
436,5992,Rimiducid,287
437,2918,RM-1929,287
438,902,RO4929097,287
439,2153,RO5503781,287
440,2155,RO6839921,287
441,5364,RO6874281,287
442,3411,RO6958688 ,287
443,2672,RO7009789,287
444,4401,Rosmantuzumab,287
445,2020,RP6530,287
446,907,Ruxolitinib,287
447,1049,Safingol,287
448,909,Salirasib,287
449,1128,sapacitabine,287
450,1282,Sapanisertib,287
451,1051,SAR245409,287
452,4026,SAR428926,287
453,912,Saracatinib,287
454,3084,SD-101,287
455,1129,Seliciclib,287
456,1749,Selinexor,287
457,913,Selumetinib,287
458,1949,SGI-110,287
459,5896,SGN-2FF,287
460,917,Sirolimus,287
461,2005,SL-401,287
462,3010,SL-701,287
463,920,Sorafenib,287
464,930,Sunitinib,287
465,931,SYM004,287
466,1843,Tacrolimus,287
467,2160,TAK-701,287
468,932,TAK-733,287
469,682,Talazoparib,287
470,1456,Tamoxifen,287
471,933,Tandutinib,287
472,1400,TAS-119,287
473,1053,TAS-120,287
474,935,Telatinib,287
475,1141,Temozolomide,287
476,936,Temsirolimus,287
477,937,TEN-010,287
478,3011,TEW 7197,287
479,2853,TG-0054,287
480,2910,TH-4000,287
481,1054,ThermoDox,287
482,2999,thioureidobutyronitrile,287
483,636,Tivantinib,287
484,1055,Tivozanib,287
485,4314,TK216,287
486,3210,Toca FC,287
487,941,Tofacitinib,287
488,942,Topotecan,287
489,2274,TPI 287,287
490,2,Trametinib,287
491,947,Trastuzumab,287
492,1402,trastuzumab emtansine,287
493,5770,TRC253,287
494,1218,Trebananib,287
495,1652,Tremelimumab,287
496,1877,Tretinoin  ,287
497,2426,trifluridine/tipiracil hydrochloride,287
498,2050,Triptorelin,287
499,3613,TRX518,287
500,949,TSR-011,287
501,639,Tucatinib,287
502,3611,TVB-2640,287
503,2287,Ublituximab,287
504,2055,Urelumab,287
505,2921,VAL-083,287
506,5171,Valacyclovir,287
507,1056,Valstar,287
508,1057,varlitinib,287
509,2937,VEGFR2-169,287
510,954,Veliparib,287
511,1562,Venetoclax,287
512,1631,Vincristine,287
513,1685,Vinorelbine,287
514,991,Vistusertib,287
515,957,Volasertib,287
516,1765,Vosaroxin,287
517,1933,VS-4718,287
518,960,VS-5584,287
519,958,VS-6063,287
520,2822,VT-464,287
521,2901,WT1 senstized T cells,287
522,1058,WX-554,287
523,961,X-396,287
524,962,X-82,287
525,2916,Xentuzumab,287
526,1050,XL147,287
527,965,XL228,287
528,967,XL647,287
0,1060,PLX4720,291
0,1062,LY294002,292
0,953,Vandetanib,301
0,1181,DS-2248,303
0,792,Lenvatinib,307
0,877,Ponatinib,312
0,342,Vemurafenib,327
0,1063,ABT-700,330
0,1030,LY2801653,331
0,960,VS-5584,351
0,1004,Cobimetinib,353
0,1069,LY3023414,356
0,1093,AZ628,473
0,1176,MEDI3617,477
0,1168,Iniparib,478
0,1157,FANG vaccine,479
0,1177,Sirolimus + Hydroxychloroquine,480
0,1222,OC-DC vaccine,483
0,3528,Cambinol,521
0,2687,CNX-774,580
0,930,Sunitinib,590
0,986,Apatinib,592
0,714,Dacomitinib,593
0,1404,HER2 Vaccine,595
0,1405,Nutlin-3a,598
0,714,Dacomitinib,606
0,1407,TS-1,611
0,1035,MRX34,617
0,1428,Sonidegib,691
0,1445,CCT128930,692
0,655,AZD5363,693
0,1452,AMG 232,698
0,1465,R3Mab,741
0,1465,R3Mab,742
0,1459,PM060184,748
0,768,Ibrutinib,750
0,768,Ibrutinib,751
0,721,Dovitinib,754
0,3103,JW67,755
1,3104,JW74,755
0,1481,Pemetrexed disodium,757
0,1508,galeterone,778
0,1519,AZD8055,780
0,2680,AZD7451,792
0,850,Palbociclib,805
1,4129,Palbociclib + Vemurafenib,805
0,1532,SGI_1027,823
0,1533,GW441756,824
0,790,Ribociclib,828
0,911,SAR302503,836
1,2403,TG101209,836
0,1557,Polysaccharide-K,844
0,1561,STF-62247,856
0,1563,ST2825,860
0,796,Encorafenib,862
0,888,Refametinib,863
0,646,AT9283,864
0,716,Danusertib,865
0,642,AS703569,866
0,1564,TAK-901,867
0,863,PF-03814735,868
0,918,SNS-314,869
0,1565,PF-00477736,875
0,1574,JQ1,878
0,1582,MI-63,879
0,1585,AGI-6780,881
0,1586,AZD3463,882
0,1587,Taladegib,883
0,1598,RO5520985,884
0,798,Linsitinib,887
0,1587,Taladegib,911
0,1628,CD532,913
0,1629,CCT137690,915
0,628,Alvocidib,921
0,628,Alvocidib,922
0,4,Erlotinib,943
1,751,Gefitinib,943
0,764,GSK2141795,962
0,1089,SU11274,968
0,1662,GSI-18,970
0,797,Linifanib,972
0,1676,Ellipticine,975
0,1084,MRK-003,979
0,1681,L-685458,980
0,1682,Enzastaurin,982
0,810,Midostaurin,985
0,1687,ONC201,989
0,1688,MLN4924,990
0,824,Motesanib,995
0,824,Motesanib,996
0,675,BGT226,1000
0,1683,FTI-277,1006
0,826,Necitumumab,1016
0,831,Nintedanib,1017
0,709,CUDC-907,1018
0,766,GSK461364,1021
1,1513,HMN-214,1021
0,837,Olaparib,1024
0,840,Orantinib,1026
0,851,PD0166285,1039
0,872,PKI-179,1040
0,793,Lestaurtinib,1041
0,793,Lestaurtinib,1042
0,793,Lestaurtinib,1043
0,806,MEHD7945A,1045
0,1069,LY3023414,1046
0,881,PX-866,1075
0,881,PX-866,1076
0,1047,Rilutek,1079
0,1728,ZM336372,1104
0,990,AV-412,1110
0,1732,XAV939,1147
0,1733,interferon gamma ,1150
0,1741,Edelfosine,1157
0,1741,Edelfosine,1158
0,1744,EPZ004777,1170
0,1753,UNC0638,1183
0,1754,BRD4770,1184
0,656,AZD7762,1210
0,1756,Plerixafor,1226
0,1756,Plerixafor,1227
0,1757,UNC1999,1237
0,1771,SGC-CBP30,1279
0,1774,Cyclopamine,1301
0,629,AMG102,1307
0,1777,Fasudil,1328
0,1786,GANT61,1336
0,1787,Dizocilpine,1338
0,1787,Dizocilpine,1339
0,1041,PLX8394,1371
0,1809,Bardoxolone methyl,1396
0,1810,Apigenin,1400
0,1810,Apigenin,1401
0,934,Tanespimycin,1421
0,1836,SAH-p53-8,1452
0,688,Bortezomib,1487
0,1862,Bufalin,1489
0,1863,Dorsomorphin,1505
0,1867,Deguelin,1524
0,1875,GNF-5837,1540
0,1918,JIB-04,1583
0,1931,PFI-2,1601
0,1932,SZL-P1-41,1605
0,1934,RI-1,1640
0,1935,NSC-658497,1644
0,1942,2g8,1706
0,1967,Dobutamine,1742
0,1970,ME-344 ,1753
0,803,Emibetuzumab,1762
0,802,Abemaciclib,1786
0,1052,SAR260301,1788
0,760,GSK1070916,1801
0,2006,Pacritinib,1802
0,2006,Pacritinib,1803
0,637,ARQ736,1812
1,905,RO5212054,1812
0,2012,ARRY-300,1813
1,658,AZD8330,1813
0,2011,RO5126766,1814
0,903,RO4987655,1815
0,661,Bafetinib,1816
0,698,Alectinib,1817
0,2018,GDC-0084,1818
0,2248,GSK1059615,1819
1,763,GSK2126458,1819
0,1046,rigosertib,1820
0,2022,TGR-1202,1821
0,966,XL281,1822
0,973,ZSTK474,1823
0,1017,GDC-0349,1824
0,685,BMS-690514,1825
0,685,BMS-690514,1826
0,2023,RG7388,1827
0,2028,GDC-0425,1828
1,2024,GDC-0575,1828
2,2027,MK-8776,1828
0,2026,XL-844,1829
0,1005,CUDC-101,1830
0,769,Icotinib,1831
0,967,XL647,1833
0,1048,S-222611,1835
0,1867,Deguelin,1836
0,2030,Rogaratinib,1837
0,807,Binimetinib,1838
1,871,Pimasertib,1838
0,1011,E6201,1840
0,2032,LY2874455,1842
0,654,AZD4547,1844
0,2137,HM61713,1845
0,2034,OTX015,1848
0,996,Brivanib,1856
0,996,Brivanib,1857
0,1001,Cediranib,1858
0,2036,LJM716,1859
0,739,Famitinib,1860
0,2038,Fruquintinib,1861
0,2045,KD020,1864
0,1045,rebastinib,1865
0,2057,BBI608,1867
0,2076,RG7112,1883
0,2077,CGM097,1885
0,2078,SAR405838,1886
0,2080,LYS6KAKT1,1906
0,2082,CGP049090,1913
1,2081,PKF115-584,1913
0,2083,FH535,1914
0,2084,ICG-001,1915
0,2085,StAx-35,1916
0,690,Bosutinib,1917
0,2086,TAE226,1918
0,2087,PF-562271,1919
0,2088,Y15,1920
0,2089,MF tricyclic,1922
0,2089,MF tricyclic,1923
0,2124,Celecoxib,1924
0,2126,Sulindac,1927
0,622,AEE788,1957
0,2135,TAK-285,1960
0,2136,Canertinib,1961
0,2136,Canertinib,1962
0,2137,HM61713,1963
0,804,Masitinib,1966
0,2138,OSI-930,1967
0,2570,AG1295,1969
1,2139,AG1296,1969
0,2139,AG1296,1970
0,905,RO5212054,1971
0,2141,Bevacizumab-awwb,1976
0,2143,Marizomib,1977
0,2149,GDC-0994,1983
0,2151,ABTL0812,1984
0,2152,CH5132799,1985
0,832,Niraparib,1986
0,906,Rucaparib,1987
0,1010,DS-3078a,1988
0,1129,Seliciclib,1997
0,1129,Seliciclib,1998
0,687,BMS-777607,2000
0,740,Ficlatuzumab,2003
0,838,Onartuzumab,2006
0,2158,S-49076,2007
0,2159,SAR125844,2009
0,2161,Savolitinib,2010
0,2162,PHA-665752,2012
0,817,MK2461,2014
0,2163,AMG 458,2015
0,2187,ALT-801,2040
0,2226,SML-8-73-1,2045
0,2227,SML-10-70-1 ,2046
0,909,Salirasib,2047
0,799,Lonafarnib,2048
1,938,Tipifarnib,2048
0,841,OSI-027,2049
0,895,Ridaforolimus,2057
0,915,SF1126,2058
0,2228,KU-0063794,2059
0,2229,Zotarolimus,2060
0,2230,GTP-14564,2061
0,2235,SU11652,2062
0,2235,SU11652,2063
0,2241,PP30,2064
1,2247,Torin 1,2064
2,2240,Torkinib,2064
0,2242,WYE-125132,2065
0,2245,WAY-600,2066
1,2243,WYE-354,2066
2,2244,WYE-687,2066
0,870,PI-103,2067
0,2249,Torin 2,2070
0,2250,Palomid 529,2071
0,2251,PP-121,2072
0,2276,VB-111,2075
0,1682,Enzastaurin,2084
0,3001,Staurosporine,2086
0,2290,Go 6983,2087
0,2290,Go 6983,2088
0,2290,Go 6983,2089
0,2293,GF109203X,2090
0,2293,GF109203X,2091
0,2309,Serdemetan,2107
0,943,Tozasertib,2115
0,2327,Reversine,2116
0,2327,Reversine,2117
0,2328,MK-8745,2118
0,2329,JNJ-7706621,2119
0,2330,PHA-680632,2120
0,2331,MK-5108,2121
0,711,CYC116,2122
0,2332,CCT129202,2123
0,2333,MLN8054,2124
0,662,Barasertib,2125
0,705,Crenolanib,2134
0,2335,CP-673451,2135
0,2338,AJI-100,2143
1,2337,AJI-214,2143
0,2340,Ro 31-8220,2144
0,2340,Ro 31-8220,2145
0,2343,Go 6976,2147
0,2343,Go 6976,2148
0,2344,Bryostatin 1,2151
0,2355,Aprinocarsen,2164
0,2355,Aprinocarsen,2165
0,951,UCN-01,2166
0,705,Crenolanib,2167
0,2358,CC-122,2168
0,2359,CC-292,2169
0,2386,TAE684,2188
0,2396,Ipafricept,2197
0,2397,PKF118-310,2208
0,2400,CCT031374,2213
1,2398,CCT036477,2213
2,2399,CCT070535,2213
0,2402,LGH447 ,2215
0,2406,INCB039110,2216
0,2453,iCRT-14,2217
1,2404,iCRT-3,2217
0,2405,NC043,2218
0,2407,MEDI-551,2219
0,2408,OSU03012,2220
0,2409,Galunisertib,2221
0,2410,BC21,2222
0,2411,JW55,2223
0,2412,Pyrvinium,2226
0,2414,Saridegib,2231
0,2414,Saridegib,2232
0,956,Vismodegib,2234
0,956,Vismodegib,2235
0,1748,PF-04449913,2237
0,1748,PF-04449913,2238
0,2417,PF-5274857,2239
0,2418,MRT-92,2240
0,2422,Oprozomib,2243
0,2423,VSV-IFN-beta,2244
0,2424,ADI-PEG 20,2245
0,2425,TAK-441,2250
0,2427,U0126,2259
0,699,CI-1040,2260
0,635,ARQ092,2274
0,994,BAY1125976,2275
0,849,PD-0325901,2276
0,621,AEB071,2279
0,672,BEZ235,2281
0,747,Ipatasertib,2282
0,816,MK2206,2283
0,908,RX-0201,2285
0,948,Triciribine,2286
0,1519,AZD8055,2288
0,663,BAY1000394,2289
0,2447,AT-7867,2290
0,2448,A-443654,2291
0,2452,iCRT-5,2297
0,2454,PNU-74654,2298
0,2455,IWR-1,2299
0,2456,Patritumab,2300
0,977,AC480,2309
0,639,Tucatinib,2310
0,808,MGAH22,2311
0,819,MM-111,2312
0,828,Neratinib,2313
0,1042,poziotinib,2314
0,976,ABT-414,2351
0,2484,ABL001,2361
0,2486,Brentuximab vedotin,2362
0,1805,Abiraterone,2398
0,2507,FIIN-01,2410
0,2508,SSR128129E,2413
0,2509,BLU9931,2415
0,2514,TGX-221,2425
0,2514,TGX-221,2426
0,2515,Tanibirumab,2430
0,2516,TG100-115,2434
0,2516,TG100-115,2435
0,2517,AS605240,2436
0,2517,AS605240,2437
0,2518,SGT-53,2440
0,2519,CEP-28122,2441
0,2520,X-376,2442
1,961,X-396,2442
0,2521,ASP3096,2443
0,2522,Entospletinib  ,2445
0,2523,CG0070,2446
0,2525,Varlilumab,2448
0,2531,Cerdulatinib,2450
0,2533,CCT241533,2452
1,2532,PV1019,2452
0,2534,VRX0466617,2453
0,2576,A-1155463,2473
1,2578,A-1331852,2473
2,825,Navitoclax,2473
0,2536,ISIS-FGFR4Rx,2474
0,971,XL999,2475
0,971,XL999,2476
0,2535,AZD0424,2477
0,2537,BGP-15,2480
0,2537,BGP-15,2481
0,2538,CEP-9722,2482
0,2538,CEP-9722,2483
0,2540,MP-124,2484
0,2541,PJ34,2485
0,2542,AZD2461,2489
0,2545,BMS-906024,2503
0,2546,MEDI0639,2504
0,2007,Demcizumab,2505
0,839,Brontictuzumab,2506
0,2547,Tarextumab,2507
0,815,MK0752,2508
0,815,MK0752,2509
0,902,RO4929097,2510
0,2548,Semagasestat,2511
0,2549,LY411575,2512
0,2550,YO-01027,2513
0,2551,Avagacestat,2514
1,2552,DAPT,2514
0,2552,DAPT,2515
0,2556,O6-benzylguanine,2535
0,2569,AGI-5198,2552
0,2570,AG1295,2556
0,2571,AGL2043,2557
0,2572,Semaxanib,2559
0,2575,Epacadostat,2561
0,2577,Sabutoclax,2563
0,834,Obatoclax,2564
0,834,Obatoclax,2565
0,2580,SPC2996,2566
0,2581,PNT2258,2567
0,2583,Lirilumab ,2570
0,2593,AP23464,2591
0,2594,PD166326,2592
0,2594,PD166326,2593
0,2595,poly ICLC  ,2595
0,2596,S-equol  ,2596
0,2598,BAY 1238097 ,2597
0,2605,Oclacitinib,2601
0,2606,PD173955,2602
0,2606,PD173955,2603
0,2607,XI-011,2604
0,2607,XI-011,2605
0,2608,NSC207895,2606
1,2612,XI-006,2606
0,2611,Ki23819,2607
0,2609,SJ-172550,2608
0,2610,PD180970,2609
0,2610,PD180970,2610
0,2613,ATSP-7041,2611
0,2614,KW-2449,2612
0,882,Quizartinib,2613
0,2615,TCS 359,2616
0,2616,G-749,2617
0,2876,BAY-853474,2627
0,2617,PD98059,2631
0,2617,PD98059,2632
0,2618,SCH772984,2633
0,2620,6MHP vaccine,2636
0,912,Saracatinib,2642
0,2622,B02,2655
0,2624,peginterferon alfa-2b,2656
0,2631,GANT58,2658
0,2632,Cannabidiol,2664
0,2641,CRS-207,2671
0,2642,GVAX pancreatic cancer vaccine  ,2672
0,2647,Birinapant  ,2673
0,2648,Sipuleucel-T,2674
0,2652,AZD6918,2683
0,2653,GNF-4256,2684
0,2654,PHA-848125AC,2685
0,2656,Tenovin-1,2687
1,2655,Tenovin-6 ,2687
0,2657,Givinostat,2688
0,2658,MPT0E028,2689
0,2660,BGB-324,2690
0,2682,NSC109555,2692
0,2662,ML323,2693
1,2730,SJB2-043,2693
0,2662,ML323,2698
0,2663,EPZ005687,2699
1,2701,GSK343,2699
0,2665,BAY 61-3606,2704
0,2671,Orteronel ,2709
0,2678,AZ-23,2713
0,2679,AZ64,2715
0,686,BMS-754807,2717
0,2675,GTx-186,2718
0,2677,HS-345,2719
0,2681,C3742,2723
0,2683,Tazemetostat,2724
0,2686,LFM-A13,2726
0,2686,LFM-A13,2727
0,2686,LFM-A13,2728
0,2688,RN486,2729
0,2547,Tarextumab,2730
0,2690,GDC-0834,2731
1,2692,HM-71224,2731
2,2691,ONO-4059,2731
0,2690,GDC-0834,2732
0,2693,PLS-123,2733
0,2694,CGI1746,2734
0,2695,talimogene laherparepvec ,2737
0,2696,NY-ESO-1 peptide vaccine,2738
0,2698,pTVG-HP plasmid DNA vaccine,2740
0,2699,Tasquinimod,2741
0,2702,DZNeP,2744
0,2702,DZNeP,2745
0,2927,EI1,2747
0,2705,Trabedersen,2756
0,2706,AP 11014,2757
0,2707,fresolimumab,2759
0,2758,SX-007,2760
0,2708,belagenpumatucel-L,2761
0,2709,LY364847,2762
0,2709,LY364847,2763
0,2710,LY550410,2764
0,2710,LY550410,2765
0,2711,LY2109761,2766
0,2712,SB-431542 ,2768
0,2714,Ki26894,2770
0,2715,Verrucarin A,2775
0,2716,NSC124854,2778
0,2717,NSC666715,2779
0,2721,PHA-533533,2782
0,719,Dinaciclib,2783
1,2721,PHA-533533,2783
0,2722,MYB vaccine,2786
0,2724,Purvalanol A,2790
0,2724,Purvalanol A,2791
0,2725,SNS-032,2792
0,2726,SU 9516,2793
0,2727,AT7519,2794
0,2728,AZD5438,2795
0,2729,MOXR0916,2796
0,2701,GSK343,2802
0,2734,GSK2816126,2823
0,2735,ZK304709,2842
0,715,Dalotuzumab,2844
0,2737,Bazedoxifene,2848
0,2739,GSK1838705A,2849
0,2745,AXL1717,2850
1,741,Figitumumab,2850
2,883,R1507,2850
0,2741,AVE1642,2851
0,2741,AVE1642,2852
0,2742,NVP-ADW742,2853
0,2742,NVP-ADW742,2854
0,683,BMS-536924,2856
0,2743,GSK1904529A,2857
0,2744,PQ401,2858
0,2746,Robatumumab,2859
0,679,BIIB022,2860
0,719,Dinaciclib,2862
0,2749,SD-208,2871
0,2750,SD-093,2872
0,2750,SD-093,2873
0,2751,Baricitinib,2874
0,823,Momelotinib,2875
0,2752,GLPG0634,2876
0,2754,SM16,2877
0,2755,ASP015K,2878
0,2756,R333,2879
0,2757,A83-01,2880
0,2758,SX-007,2881
0,2759,IN-1130,2882
0,2759,IN-1130,2883
0,2760,RG108,2884
0,2761,NMS-E973,2905
0,645,AT13387,2906
0,645,AT13387,2907
0,2762,KW-2478,2908
0,2763,P276-00,2909
0,627,Alvespimycin,2910
0,2764,SNX-2112,2911
0,2764,SNX-2112,2912
0,2765,CH5138303,2913
0,2766,BIIB021,2914
0,647,AUY922,2915
0,647,AUY922,2916
0,2767,C086,2917
0,2768,TAS-116,2918
0,2769,WK88-1,2919
0,2770,NXD30001,2920
0,2770,NXD30001,2921
0,2771,PF-4942847,2922
0,2773,IPI-493,2923
0,970,XL888,2924
0,970,XL888,2925
0,2774,HSP990,2926
0,2776,GLG0778,2928
1,2775,PF-04965842,2928
2,2781,PF-06263276,2928
0,2777,VX-509,2930
0,801,LY2784544,2931
0,652,AZD1480,2932
0,2778,XL019,2933
0,2779,BMS-911543,2934
0,2780,NS-108,2935
0,2780,NS-108,2936
0,2783,Tyrphostin B42,2939
0,2783,Tyrphostin B42,2940
0,2784,WP1066,2941
0,2784,WP1066,2942
0,2785,NVP-BSK805,2943
0,2786,AZ960,2944
0,2787,CEP-33779,2945
0,2788,Dehydrocrenatidine,2951
0,2789,JTE-052,2952
0,2790,ELR510444,2953
0,2791,ON044580,2954
0,2792,LY379196,2955
0,2793,LS104,2957
0,2794,PF-956980,2958
0,2795,ZM39923,2960
0,2796,INCB16562,2963
0,2797,Pyridone 6,2965
0,2798,INCB20,2966
0,2804,VX-11e,2974
0,2805,GW843682X,2978
0,2806,NMS-P937,2979
0,2807,ON01910,2980
0,2808,JANEX-1,2982
0,2808,JANEX-1,2983
0,2809,NIBR3049,2991
1,2810,WYE-151650,2991
0,2815,CH5137291,3004
0,2815,CH5137291,3005
0,2818,Lonaprisan,3016
0,2603,Mifepristone,3017
0,2819,BMS-641988,3018
0,2820,Telapristone,3019
0,2826,AZD3514,3022
0,874,PLX3397,3025
0,874,PLX3397,3026
0,874,PLX3397,3027
0,2834,NVP-BVB808,3030
0,2829,MK-4166,3032
0,2830,ORG-31710,3033
1,2831,ORG-33628,3033
0,2832,K-7174,3034
0,2832,K-7174,3035
0,2833,FL442,3036
0,889,REGN421,3066
0,2836,GW2580,3069
0,2836,GW2580,3070
0,2837,Ki20227,3072
0,2838,MCS110,3075
0,2839,JNJ-40346527,3076
0,2840,FPA008,3077
0,2842,AMG820,3079
0,2843,Emactuzumab,3080
0,2844,BLZ945,3081
0,2845,AC708,3082
0,2846,LY2510924,3083
0,2847,Ulocuplumab,3084
0,2848,MSX-122,3085
0,2849,BKT140,3086
0,2850,SJA5,3087
0,2851,AMD11070,3088
0,2852,ALX-0651,3089
0,2855,EPZ-5676,3090
0,2856,SGC0946,3092
0,2859,AI-10-49,3100
0,2860,UC-773587,3114
1,2861,UC-857993,3114
0,2862,BIX-01294,3117
0,2863,MGA271,3118
0,2865,Gilteritinib,3121
0,2865,Gilteritinib,3122
0,2866,IMO-8400,3125
0,2867,Trichostatin A,3126
0,2868,IMG-2005-5,3127
0,2869,ND-2158,3130
0,2870,ND-2110,3131
0,2871,ND-346,3132
0,2872,Phenformin,3133
0,2648,Sipuleucel-T,3139
0,2877,VE-821,3169
0,2878,NU6027,3171
0,2879,VX-970,3172
0,2880,AZ20,3173
0,2881,AZD6738,3174
0,2886,RO6895882,3202
0,2888,GDC-0919,3203
0,2890,PG545,3205
0,2892,Abagovomab,3208
0,2893,WT1 vaccine,3210
0,2899,GSK3052230,3211
1,2897,MGFR1877S,3211
0,2902,HD125,3212
0,2903,Meso-TR3,3214
0,2904,MUC16ecto CAR T cells,3219
0,2905,NSC348884,3229
0,2906,OBP-801,3231
0,2906,OBP-801,3232
0,2907,TdCyd,3233
0,2911,EKI-285,3241
0,2911,EKI-285,3242
0,2915,anti-EGFR CAR T,3244
0,2920,PT-112,3245
0,2925,GSK126,3263
0,2926,EPZ011989,3265
0,2829,MK-4166,3266
0,2930,Reparixin,3272
0,2932,BAY1179470,3277
0,2933,FPA144,3278
0,2936,MFGR1877S,3280
0,2940,HER2 sensitized T-cells,3287
0,2940,HER2 sensitized T-cells,3288
0,2941,BLU-285,3289
0,2953,11C12,3290
0,2942,CPI-169,3292
0,2943,AG-14361,3293
0,2943,AG-14361,3294
0,2944,INO-1001,3295
0,2944,INO-1001,3296
0,2945,A-966492,3297
0,2946,NU1025,3298
0,2947,BGB-290,3299
0,2948,PD173074,3303
0,2949,SPP86,3306
0,2951,Amrubicin,3308
0,2954,KB004,3318
0,2956,AZ6089,3319
1,2955,AZ8010,3319
0,648,AV203,3322
0,820,Seribantumab,3323
0,2957,BMS-871,3324
0,2958,LY3039478,3325
0,659,AZD6482,3345
0,3504,IC87114,3346
1,2961,PW12,3346
2,3503,TGX-155,3346
0,2962,TGX-115,3347
0,2963,II-B08,3348
0,2964,AS-252424,3349
0,2965,PI-3065,3350
0,2967,YM-024,3352
0,2966,NSC-87877,3353
0,2968,Mogamulizumab ,3355
0,2973,Vitespen,3356
0,2974,coxsackievirus A21,3357
0,2975,GR-MD-02,3358
0,2976,indoximod,3359
0,2977,GVAX colorectal cancer vaccine,3360
0,2979,Icrucumab,3361
0,2983,SPI-112Me,3364
0,869,PF-06463922,3367
0,2984,NAX014,3369
0,2984,NAX014,3370
0,2991,G007-LK,3387
0,3000,Y90 clivatuzumab tetraxetan,3415
0,3002,Mocetinostat,3416
0,3002,Mocetinostat,3417
0,3003,Chidamide,3418
0,3004,Quisinostat,3419
0,3004,Quisinostat,3420
0,3005,CHR-3996,3421
0,3007,CDX-301,3427
0,3008,OC-L,3428
0,3013,sEphB4-HSA,3429
0,3014,GSK2879552 ,3430
0,2017,DCBCI0901,3453
0,3028,tirapazamine,3469
0,3029,PR-104,3470
0,3030,SN30000,3471
0,800,LY2780301,3473
0,3044,NMS-P626,3485
0,3504,IC87114,3492
0,750,GDC-0980,3508
0,693,CC-223,3513
0,3050,ADXS31-142 ,3558
0,3060,ALT-803,3562
0,3062,RTA 408,3563
1,3713,RTA-408,3563
0,3068,NCDM-32B,3566
0,3069,PROSTVAC-F/TRICOM ,3567
1,4877,PROSTVAC-V/TRICOM,3567
0,3073,GSK690693,3576
0,3074,Trilaciclib,3584
0,3075,WZ4002,3587
0,3076,Z-endoxifen HCl,3603
0,3078,GSK2256098,3604
0,3011,TEW 7197,3611
0,3072,Niclosamide,3654
0,3081,CWP232291,3656
0,3089,MEDI9447,3680
0,3090,ADXS11-001,3683
0,3091,Motolimod,3684
0,3092,AZD5069,3685
0,3118,CCT251455,3711
1,3594,ONCOII,3711
0,3105,CCT196969,3714
1,3106,CCT241161,3714
0,3107,NMS-P715,3716
0,3115,CWP232228,3722
0,3116,KU-55933,3723
0,3117,AZ3146,3724
0,3151,PF-0461903,3751
0,3124,S3I-201,3756
0,2999,thioureidobutyronitrile,3759
0,3144,Avelumab,3775
0,3146,TAK-659,3776
0,3147,Tetrathiomolybdate,3777
0,721,Dovitinib,3788
0,721,Dovitinib,3789
0,3148,PHT-427,3794
0,3149,YM155,3803
0,3150,PF-04880594,3807
0,3154,GA201,3814
0,3157,KU004,3826
0,3158,CID1067700,3837
0,1011,E6201,3838
0,1055,Tivozanib,3866
0,3171,Vatalanib,3867
0,3171,Vatalanib,3868
0,3199,inotuzumab ozogamicin,3891
0,3207,pipendoxifene,3923
0,3209,Toca 511,3926
0,978,Ad.p53-DC vaccine,3929
0,743,Foretinib,3959
1,3251,MK8033,3959
0,4475,BHA536,3976
0,3224,AZD1208,3983
0,3227,Sacituzumab govitecan,3993
0,3230,Farletuzumab,4007
0,3232,IMGN853,4008
1,3231,Vintafolide,4008
0,3232,IMGN853,4009
0,3238,BGC 638,4010
1,3233,BGC 945,4010
0,3236,MOv18IgE,4014
0,3237,ZD9331,4015
0,3237,ZD9331,4016
0,3242,EC0905,4017
0,743,Foretinib,4022
0,743,Foretinib,4023
0,3251,MK8033,4024
0,3253,IMC-41A10 ,4026
0,3254,Zt/f2,4027
0,3255,Zt/g4-DM1,4028
0,3258,Zt/g4,4029
0,3260,LCRF-0004,4030
0,653,AZD3965,4051
0,3267,LY341495,4063
0,3267,LY341495,4064
0,3270,MCCK1,4065
0,3272,G305,4079
0,3274,ALW-II-41-27,4082
0,644,AT-101,4084
0,644,AT-101,4085
0,3275,BDA-366,4086
0,3288,A-1155905,4087
1,3286,A-1208746,4087
2,3276,A-1210477,4087
3,3287,A-1248767,4087
0,3281,(â€“)BI97D6,4092
0,3283,BM-1197,4093
0,3284,UMI-77,4096
0,3285,TW-37,4097
0,3289,HA14-1,4098
0,3289,HA14-1,4099
0,3291,UNC2025,4104
0,2013,AZD8835,4106
0,3293,JX06,4110
0,3294,C19,4112
0,785,KW-2450,4114
0,3296,Ralimetinib,4115
0,992,AZD8186,4117
0,3297,I-CBP112,4120
0,724,E7449,4121
0,3300,TAK-632,4126
0,3301,ABC294640,4127
0,3302,MK-8353,4128
0,3303,AEZS-131,4129
0,3304,10058-F4,4130
0,3304,10058-F4,4131
0,3305,SU5402,4133
0,3305,SU5402,4134
0,3305,SU5402,4135
0,3307,SBI-0640726,4137
1,3306,SBI-0640756,4137
2,3309,SBI-755199,4137
0,3308,BI-69A11,4138
0,3320,GS-5745,4141
0,3325,Epigallocatechin-gallate,4143
0,3324,Harmine,4144
1,3326,INDY,4144
0,3327,PF-3758309,4151
0,3328,FRAX597,4152
1,3327,PF-3758309,4152
0,3329,IPA-3,4153
0,3329,IPA-3,4154
0,3330,FRAX-1063,4155
0,3332,EHT5372,4160
0,3333,AZ191,4162
0,3334,RO5454948,4163
0,3335,MS417,4172
1,3336,MS436,4172
0,3335,MS417,4173
0,3336,MS436,4174
0,3339,BMS-936559,4175
0,3341,JX-594,4181
0,3343,Elotuzumab,4182
0,3364,Senexin A,4209
0,3363,IPI-549,4210
0,3365,Senexin B,4211
0,3366,SP600125,4212
0,3366,SP600125,4213
0,3367,AS601245,4216
0,3367,AS601245,4217
0,3368,CC-401,4218
0,3368,CC-401,4219
0,3369,JNK-In-8,4220
0,3370,PMED-1,4232
0,3371,Dz13,4238
0,3375,GW5074,4257
0,3375,GW5074,4258
0,3380,Nab-Rapamycin,4266
0,3397,Camptothecin,4271
0,3415,cryptotanshinone,4300
0,3402,NSC59984,4303
0,3404,CP-31398,4306
0,3405,NSC319726,4308
0,3406,ReACp53,4309
0,3416,GS-493,4326
0,3417,NVP-BHG712,4329
0,1019,Golvatinib,4337
0,3418,AZ12489875-002,4341
0,3419,YK-4-279,4357
0,3420,trabectedin,4381
0,5918,ETP-46464,4396
0,3424,Mps1-IN-1,4400
1,3425,Mps1-IN-2,4400
0,3426,GO-203-2C,4402
0,3449,Mps-BAY1,4417
1,3450,Mps-BAY2a,4417
2,3451,Mps-BAY2b,4417
0,3455,MPS1-IN-3,4420
0,3674,K00135,4427
0,3457,Ama-HEA125,4431
0,3458,MPI-0479605,4435
0,3460,PF-3837,4438
1,3459,PF-7006 ,4438
0,3461,NTRC 0066-0,4439
0,3463,CFI-400936,4447
0,3464,CFI-401870,4448
0,3465,Cpd-5,4449
0,3702,IST5-002,4451
0,3804,XMD16-5,4455
1,3803,XMD8-87,4455
0,3467,BX-795,4479
0,3471,G-631,4481
0,3473,Selenomethionine,4482
0,3479,ME22S,4488
0,3480,SKF-96365,4489
0,3480,SKF-96365,4490
0,3481,MEDI5117,4491
0,3485,siltuximab,4492
0,3493,SH4-54,4499
1,3494,SH5-07,4499
0,3495,A3,4500
0,3495,A3,4501
0,3497,R547,4503
0,3500,SPI-001,4504
0,3525,GSK-J4,4524
0,3502,CLM3,4527
0,3504,IC87114,4540
0,3506,LQZ-7F,4545
0,3507,Mycro3,4548
0,3509,JY-3-094,4549
1,3510,MYRA-A,4549
2,3511,NSC308848,4549
3,3508,Quarfloxin,4549
0,3513,Amatuximab,4551
0,3514,LB-100,4553
0,3516,ARQ761,4554
0,3519,APTO-253,4557
0,3520,SS1P,4559
0,3521,Trodusquemine,4563
0,3522,LY2275796,4564
0,3522,LY2275796,4565
0,3523,ZM447439,4566
0,3523,ZM447439,4567
0,3524,OXi4503,4568
0,3524,OXi4503,4569
0,3525,GSK-J4,4570
0,3528,Cambinol,4581
0,3533,SGI-1776,4596
0,3534,ETC-159,4598
0,3536,CEP-8983,4604
0,3536,CEP-8983,4605
0,3538,UPF 1069,4606
0,3539,BSI-401,4607
0,3544,Rovalpituzumab Tesirine,4615
0,3545,Bavituximab,4616
0,3546,Lumretuzumab,4617
0,3547,AZD2811,4618
0,3551,IT-901,4622
0,3552,SH-1242,4627
0,3553,ARS-853,4628
0,3554,PF-05280014,4629
0,3554,PF-05280014,4630
0,3566,Tetrahydrouridine,4631
0,3576,GLA-SE,4633
0,3582,L779450,4636
0,3582,L779450,4637
0,4645,PRN1109,4638
1,3583,PRN1371,4638
0,3584,ASP5878,4639
0,3585,Anti-CD19 CAR T,4640
0,6029,Mesothelin CAR-T cells,4641
0,3587,PF-573228,4654
0,3588,Debio 0932,4655
0,3589,CPUY201112,4657
0,3590,PH11,4658
0,3591,SNX-7081,4659
0,3592,LLL12,4664
0,3593,SNG12,4666
0,3595,PHM16,4667
0,3597,Glembatumumab vedotin,4670
0,3599,BI 853520,4672
0,640,Arsenic trioxide,4675
0,3602,SST0116CL1,4679
0,3603,C6-ceramide,4692
0,3604,Carnosic acid,4693
0,3605,Forskolin,4694
0,3605,Forskolin,4695
0,3610,Fingolimod,4696
0,3606,OP449,4697
0,3607,COG112,4698
0,3608,LB100,4699
0,3609,Okadaic acid,4700
0,3611,TVB-2640,4702
0,3612,EZN-2968,4703
0,3615,SGN-LIV1A ,4705
0,3619,Enadenotucirev,4706
0,3625,PF-06459988,4708
0,3626,LMP400,4709
0,3631,PV1162,4710
0,3631,PV1162,4711
0,3634,Z-VAD,4712
0,3635,Tubastatin A,4713
0,3639,GDC-0917,4714
0,3640,BIND-014,4716
0,3641,LCL161,4717
0,3641,LCL161,4718
0,3643,Custirsen,4719
0,3644,AT-406,4721
0,3652,KU-60019,4737
0,3653,AT13148,4738
1,3654,CCT129254,4738
0,3655,BAY11-7085,4744
0,3656,BX-320,4745
1,3657,BX-912,4745
0,3662,GSK2334470,4753
0,3666,Sulfatinib,4764
0,3667,Epitinib,4765
0,3672,TP-3654,4769
0,3673,SMI-4a,4771
0,3675,CX-6258,4774
0,3678,Plinabulin,4775
0,3680,RRx-001,4777
0,3691,AZD1897,4783
0,3693,SEL24-B489,4788
0,3695,calcipotriene,4790
0,3697,Withacnistin,4802
0,1021,GS-9820,4810
0,1052,SAR260301,4811
0,3703,BP-1-108,4812
0,3705,ON123300,4821
0,3705,ON123300,4822
0,3706,BI 882370,4823
0,3710,Imetelstat,4825
0,3722,SAN1GSC,4829
0,3735,GSK2830371,4845
0,3738,VX15/2503,4854
0,3740,CCT007093,4861
0,3741,GSK2194069,4863
0,3742,JNJ-54302833 ,4864
0,3744,RU-SKI 43,4867
0,2013,AZD8835,4877
0,3762,HG-6-63-01,4887
1,3761,XMD15-44,4887
0,2020,RP6530,4893
0,3766,E75,4894
0,3766,E75,4895
0,3767,F14512,4896
0,3769,DEL-22379,4897
0,3775,WNT-C59,4905
0,3777,MLN0905,4909
0,982,AMG 319,4910
0,722,DS-7423,4912
0,867,PF-4989216,4923
0,867,PF-4989216,4924
0,3779,RO3280,4925
0,3780,TAK-960,4929
0,3781,PRT062607,4930
0,3783,Piceatannol,4933
1,3782,R406,4933
0,3782,R406,4934
0,3783,Piceatannol,4935
0,3785,PRT318,4936
0,3786,Poloxin,4937
0,3787,MART-1 antigen,4938
0,3788,5-Fluoro-2-deoxycytidine,4939
0,3794,TKM-080301,4948
0,3796,SBE13,4953
0,3797,C61,4954
0,3798,LY5,4959
0,3799,Nesvacumab,4961
0,3801,AIM-100,4965
0,3801,AIM-100,4966
0,3802,PI-88,4967
0,3817,HPI-1,4990
0,3817,HPI-1,4991
1,3819,SEN-450,4991
0,3818,NanoHHI,4992
0,3818,NanoHHI,4993
0,3819,SEN-450,4994
0,3820,SIBI-C1,4995
0,2660,BGB-324,5002
0,3826,TP-0903,5003
0,3827,SPC3042,5012
0,3831,Ex-527,5015
1,3830,Sirtinol,5015
0,3832,QS11,5018
0,3832,QS11,5019
0,1244,dalantercept  ,5020
0,1244,dalantercept  ,5021
0,3847,IMCgp100,5025
0,3849,XL388,5032
0,3850,AR-mTOR-26,5033
0,3852,OPB-31121,5034
1,3851,OPB-51602,5034
0,3853,CC214-1,5035
0,3854,CC214-2,5036
0,3855,Triolimus,5037
0,3856,GNE-317,5039
0,3857,PKI-402,5041
0,3858,X480,5043
0,3852,OPB-31121,5045
0,3862,FLLL32,5066
0,3864,Ch282-5,5069
0,3872,KRC-00509,5073
1,3871,KRC-00715,5073
0,3873,SKLB646,5074
0,820,Seribantumab,5081
0,3880,YU238259,5087
0,3884,ML264,5089
0,3885,Pan-HER,5090
0,3891,Talniflumate,5098
0,3894,SW044248,5101
0,3899,CTX-1,5110
0,3901,CGP57380,5111
0,3901,CGP57380,5112
0,3901,CGP57380,5113
0,3903,KJ-Pyr-9,5115
0,3904,Glabrescione B,5117
0,3907,dBET1,5123
0,3908,THZ1,5124
0,3912,Y078-DM1,5131
1,3913,Y078-DM4,5131
0,3914,POL5551,5132
0,3916,ER2,5133
0,3925,Prodigiosin,5149
0,5775,SA16,5160
0,3940,CBL0137 ,5164
0,3942,rAd-hCD40L,5165
0,3950,TPX-0005,5176
0,3951,OTS167,5177
0,3954,hexamethylene bisacetamide,5180
0,3970,G1T38,5183
0,842,Voruciclib,5185
0,3974,ODM-207,5186
0,3975,PBA2,5187
0,3976,TAS-115,5188
0,3977,Panvotinib-401,5189
0,786,KX2-391,5190
0,3980,U3-1784,5194
0,3981,AP32788,5195
0,3982,SN-38,5196
0,3987,BAY 1436032,5199
0,3989,ST7612AA1,5200
0,3990,SANT1,5201
0,4000,QbG10,5213
0,1562,Venetoclax,5222
0,1562,Venetoclax,5223
0,4005,eFT508,5231
0,4006,YW3-56,5232
0,4006,YW3-56,5233
0,4011,HD105,5258
0,4016,CHZ868,5260
0,4029,CFI-400945,5283
0,4037,CDX-0158,5291
0,4038,VCN-01,5296
0,4073,AKI603,5376
0,4075,AGS-003,5380
0,4078,NGR-TNF,5382
0,4079,DT01,5384
0,4089,Pz-1,5385
0,4085,NSC156529,5386
0,4090,EC-70124,5423
0,4091,PG-S3-001,5424
0,4094,XMT-1536,5466
0,4096,Spliceostatin A,5493
0,4098,UAB30,5496
0,4099,AB61,5498
0,4101,Thymoquinone,5502
0,4101,Thymoquinone,5503
0,4102,MN58b,5504
0,3074,Trilaciclib,5519
0,4110,RG7386,5521
0,1050,XL147,5522
0,4120,PF4942847,5536
0,4125,Enfortumab vedotin,5571
0,4126,SLC-0111,5572
0,4126,SLC-0111,5573
0,4134,Resminostat,5682
0,4136,4SC-202,5685
0,4144,ACY-957,5689
0,4151,ABT-751,5697
0,4151,ABT-751,5698
0,4154,SRT1460,5700
1,4155,SRT1720,5700
0,3268,LY3009120,5709
0,4201,Vedolizumab,5724
0,4226,Polatuzumab Vedotin,5726
0,4233,MK-4101,5731
0,4243,IMO-2125,5749
0,4251,Necuparanib,5757
0,4259,TRX-E-002-1,5826
0,4351,VRT11E,5840
0,4276,BI 836826,5863
0,2007,Demcizumab,5877
0,4285,CGP-082996,5910
0,4292,JMS-17-2,5955
0,4296,ATR-101,5962
0,4297,pTVG-AR ,5963
0,4312,Cirmtuzumab,5964
0,4324,PF-06647263 ,5967
0,4329,TAS3681,5968
0,4334,TAS-114,5978
0,4338,mipsagargin,5979
0,4339,PF-04136309,5980
0,4341,CPX-351,5981
0,4344,lapuleucel-T,5991
0,4352,IMR-1,6043
0,4354,JQEZ5,6049
0,4356,RVX-208,6066
0,4381,Stattic,6090
0,4381,Stattic,6091
0,2812,INCB054329,6115
0,4389,AFM13,6119
0,2007,Demcizumab,6126
0,4397,Vantictumab,6127
0,2396,Ipafricept,6129
0,937,TEN-010,6144
0,4405,NRR2Mab,6173
0,4414,Pinatuzumab Vedotin,6184
0,957,Volasertib,6200
0,4422,NMS-P118,6203
0,4422,NMS-P118,6204
0,809,MGCD265,6207
0,4423,LMP776,6218
0,4427,K-756,6261
0,4429,IBR2,6267
0,4430,Si306,6269
0,4432,MitoMet-10,6271
0,4453,YLL545,6308
0,4454,GS87,6309
0,4455,BCG solution,6315
0,4483,C646,6332
0,4484,CPI-455,6341
0,4414,Pinatuzumab Vedotin,6362
0,4493,RapaLink-1,6367
0,4503,CmpdA,6383
0,4504,SHP099,6394
0,4508,Poloxin-2,6403
0,4516,NP-004255,6419
0,4518,Codrituzumab,6422
0,4520,EAI045,6436
0,4522,M-COPA,6440
0,4537,BI8622,6447
1,4538,BI8626,6447
0,4539,SYD985,6448
0,4545,CBP501,6450
0,4551,CIMAvax-EGF,6453
0,4552,RO4927350,6459
0,4570,AM-0687,6486
1,4571,AM-1430,6486
0,4574,Pexmetinib,6492
0,4582,Pyr1,6500
0,4583,Hertuzumab-vc-MMAE,6501
0,1095,GDC0879,6516
0,4602,PAC-1,6517
0,4602,PAC-1,6518
0,4606,PLX7904,6521
1,1041,PLX8394,6521
0,4614,MAGE-A3 vaccine,6530
0,4619,APS-2-79,6534
0,4624,Oridonin,6538
0,4633,CPI-203,6546
0,4640,WANT3,6553
0,4641,PAT-SM6,6554
0,4641,PAT-SM6,6555
0,4649,SAM486,6562
0,4651,MOR209/ES414,6564
0,4654,ADXS31-164,6565
0,4661,CT20p,6569
0,4662,KPT-9274,6570
0,4663,ST-11,6571
0,4665,PF-4708671,6579
0,4670,PT2399,6586
0,4672,CCT244747,6590
0,4672,CCT244747,6591
0,4687,Ocaratuzumab,6594
0,4691,OM-174,6595
0,4692,Otlertuzumab,6596
0,4692,Otlertuzumab,6597
0,4694,p28,6598
0,4695,PX-12,6599
0,4695,PX-12,6600
0,4696,ID09C3,6601
0,4699,AGS-PSCA,6604
0,4700,AS1409,6606
0,4701,Coltuximab Ravtansine,6607
0,4701,Coltuximab Ravtansine,6608
0,4702,Selectikine,6609
0,4703,SU14813,6611
0,4703,SU14813,6612
0,4704,TB-403,6613
0,4705,Tefinostat,6615
0,4706,Zibotentan,6618
0,4706,Zibotentan,6619
0,4708,MEDI-573,6622
0,4712,GSK3178022,6625
0,1651,Prexasertib,6628
0,2033,CPI-0610,6629
0,4715,T-3256336 ,6632
0,4724,AMG 780,6651
0,4719,JTX-2011,6661
0,4721,CB-1158,6662
0,1090,Ofatumumab,6668
0,4762,MEDI-570,6672
0,4763,Baicalein,6673
0,4765,HM-3,6675
0,4775,MX69,6705
0,4792,NSC126405,6710
0,4798,BPR1J373,6711
0,4802,KTN0073-IgG1,6713
1,4799,KTN0073-IgG2,6713
0,4804,SD-7300,6722
0,4809,DSHN,6747
0,4811,ML364,6749
0,4812,ADDA 5,6750
0,1059,BI-847325,6751
0,4814,KPT-185,6754
0,4814,KPT-185,6755
0,994,BAY1125976,6757
0,4815,FX1,6759
0,4818,C75,6760
1,4817,EGCG,6760
0,4821,23814,6764
0,4822,Debio 0617B,6765
0,4829,KTE-C19,6768
0,4842,STA-8666,6776
0,4844,DS-8201a,6780
0,4845,TAK-264,6783
0,4846,LF3,6784
0,4847,SBI-0206965,6785
0,2542,AZD2461,6793
0,3562,LY3127804 ,6823
0,4855,OSI-296,6832
0,4858,S63845,6851
0,4875,MT1,6900
0,4896,TASIN-1,6906
0,4897,IMC-20D7S,6907
0,4898,RK-33,6908
0,4900,Aphanin,6915
0,4906,IPH2101,6917
0,4908,BAL101553,6923
0,4910,AZD5153,6927
0,4911,E7090,6928
0,4913,RN927C,6932
0,4914,ASG-5ME,6935
0,4916,ADH-1,6940
0,4925,DPP-23,6975
0,916,SGX523,6981
0,4929,sonepcizumab,7002
0,4947,Hu5F9-G4,7028
0,4954,SL0101,7031
0,915,SF1126,7039
0,915,SF1126,7040
0,4957,NGI-1,7042
0,634,AP26113,7044
0,4963,CX-5461,7057
0,4981,J591,7104
0,4989,Buthionine sufoximine,7133
0,6245,BGB659,7141
0,5016,MRX-2843,7187
0,5026,enobosarm,7217
0,5031,Oraxol ,7218
0,5034,Dacinostat,7223
0,5039,VLX1570,7224
0,5042,NU7026,7229
0,5042,NU7026,7230
0,5044,NU7441,7234
0,5048,JPH203,7236
0,5048,JPH203,7237
0,5061,Tapalumab,7246
0,5065,CT-707,7265
0,5069,SRA737,7267
0,5057,EB-VST cells,7268
0,5057,EB-VST cells,7269
0,5086,Utomilumab,7280
0,5112,KRAS mutant-specific TIL,7358
0,5113,LDC1267,7359
0,5114,SGI-7079,7360
0,5114,SGI-7079,7361
0,5115,NPS-1034,7366
0,809,MGCD265,7370
0,5130,NHS-IL12,7461
0,5134,IRX4204,7463
0,5136,A-dmDT390-bisFv(UCHT1),7464
0,5154,XMU-MP-2,7466
0,708,CRLX101,7475
0,5156,"CP-724,714",7476
0,5159,E-4031,7480
0,5159,E-4031,7481
0,5160,PDZ1i,7482
0,5177,GSK3174998,7512
0,5185,N-Arachidonoyl Dopamine ,7517
0,5186,CCG-203971,7518
0,5194,BPTES,7525
0,5194,BPTES,7526
0,5196,IRAK1/4,7540
0,4421,PF-06647020,7557
0,5223,EHT 1864,7584
0,5224,ARQ 531,7590
0,1586,AZD3463,7594
0,5228,NS1,7600
0,5230,Aurora Kinase Inhibitor II,7602
0,5230,Aurora Kinase Inhibitor II,7603
0,1037,MSC2363318A,7643
0,5247,GTCpFE,7653
0,5252,GDC-0326,7679
0,5258,OTS514,7683
1,5259,OTS964,7683
0,5272,HTH-01-015,7717
1,5271,WZ4003,7717
0,5276,GS-5829,7727
0,5278,bb2121,7730
0,5281,SNS-062,7737
0,5282,Denileukin diftitox,7743
0,5282,Denileukin diftitox,7744
0,5293,T-3775440,7754
0,639,Tucatinib,7781
0,5322,Parthenolide,7783
0,5322,Parthenolide,7795
0,4322,SYM015,7828
0,1363,ABBV-399,7833
0,5338,TTI-621,7888
0,5339,79-6,7892
0,5331,EGFR(V)-EDV-Dox,7997
0,5378,NVP-BVU972,8018
0,5390,PF-431396,8020
0,5407,PTC596,8142
0,5408,BAY 11-7082,8147
0,5418,RVX2135,8151
0,5421,FIIN-2,8159
0,5424,RU58668,8170
0,5424,RU58668,8171
0,5369,DC/AML Vaccine,8203
0,5369,DC/AML Vaccine,8204
0,5434,CG200745,8224
0,5434,CG200745,8225
0,5439,CRT 0066101,8228
0,5441,PF3644022,8232
0,4331,ARQ 751,8234
0,5452,Droxinostat,8236
0,5452,Droxinostat,8237
0,1081,Abexinostat,8241
0,1081,Abexinostat,8242
0,1613,ACY-1215,8243
0,1613,ACY-1215,8244
1,3311,Citarinostat,8244
0,3311,Citarinostat,8245
0,1078,Belinostat,8246
0,1078,Belinostat,8247
0,1078,Belinostat,8248
0,1541,Entinostat,8255
0,1541,Entinostat,8256
0,1080,Panobinostat,8258
0,1080,Panobinostat,8259
0,1080,Panobinostat,8260
0,1758,Pracinostat,8261
0,1075,romidepsin,8262
0,1075,romidepsin,8263
0,1075,romidepsin,8264
0,625,Afuresertib,8265
0,784,GSK525762,8266
0,2867,Trichostatin A,8267
0,855,Perifosine,8268
0,1076,Valproic acid,8269
0,1076,Valproic acid,8270
0,1077,Vorinostat,8271
0,1077,Vorinostat,8272
0,1077,Vorinostat,8273
0,1998,Chiauranib,8299
0,5335,Ad-CEA vaccine,8300
0,5335,Ad-CEA vaccine,8301
0,5463,AMI-408,8304
0,5075,NKTR-214,8311
0,5467,NVP-TNKS656,8313
0,5472,CT16,8315
0,5473,AZ1366,8317
0,5475,GDC-0152,8319
0,949,TSR-011,8336
0,1455,Entrectinib,8340
0,857,P7170,8341
0,5494,DHM25,8367
0,983,AMG 900,8412
0,626,Alisertib,8420
0,913,Selumetinib,8453
0,932,TAK-733,8454
0,1058,WX-554,8456
0,5507,GSK690,8467
1,5506,RN-1,8467
0,5518,Preladenant,8473
0,5518,Preladenant,8474
0,5525,SL327,8529
0,5525,SL327,8530
0,5527,PRX177561,8533
0,5535,Samalizumab,8547
0,5563,IsoA,8632
0,5564,NAV-2729,8662
0,1682,Enzastaurin,8674
0,803,Emibetuzumab,8681
0,749,GDC-0941,8699
0,1049,Safingol,8724
0,1056,Valstar,8725
0,1056,Valstar,8726
0,5574,BRD-7880,8730
0,5577,NC-6004,8738
0,5577,NC-6004,8739
0,5586,TY-011,8743
0,3001,Staurosporine,8751
0,2019,PQR309,8761
0,1051,SAR245409,8768
0,1356,Durvalumab,8778
0,1356,Durvalumab,8779
0,1946,APR-246,8782
0,5603,BETd-246,8792
0,3265,ACP-319,8797
0,782,JI-101,8802
0,5611,EPI-506,8812
0,5611,EPI-506,8813
0,5618,CVX-060,8820
0,5619,CVX-241,8821
0,3165,BLU-554,8833
0,5649,SIM-89,8847
0,4133,ABT-767,8850
0,5652,MBQ-167,8855
0,5653,LY900009,8858
0,2539,E7016,8861
0,5656,REGN2810,8864
0,5658,3144,8866
0,5660,KDM5-C70,8868
0,5662,FK866,8871
1,5666,GMX1778,8871
0,5669,7RH,8886
0,5672,SEL120-34A,8888
0,1024,Duvelisib,8909
0,5687,KPT-8602,8936
0,1491,AG-120,8938
0,5689,ADCT-502,8939
0,5693,AGEN2034,8940
0,5694,E7046,8941
0,5696,OMP-313M32,8942
0,5698,BAY1436032,8943
0,5700,SY-1365,8945
0,5706,MVT-1075,8949
0,5708,JNJ-64007957,8950
0,5711,AMV-564,8952
0,5711,AMV-564,8953
0,5710,RXDX-106,8954
0,5712,MVT-5873,8955
0,5740,Lefitolimod,8961
0,5746,BAY-826,8963
0,5747,KO-947,8965
0,5750,IGFBP-2 vaccine,8966
0,5751,APN401,8967
0,5752,PET-16,8968
0,5755,AVID100,8969
0,5757,APG-1252,8970
0,5758,MM-310,8972
0,5759,BPM 31510,8974
0,5760,DCC-3014,8976
0,5767,TRC102,8977
0,5769,MP7,8978
0,5772,TRC694,8981
0,5774,CDX-014,8982
0,5780,SEA-CD40,9004
0,5783,MOR208,9006
0,5795,KITE-585,9007
0,5804,131I-MIP-1095,9013
0,2621,AM0010 ,9015
0,5811,LY3200882,9016
0,5815,NLG802,9017
0,5817,BI 1361849,9019
0,5819,PEN-221,9027
0,5824,V158411,9030
0,5826,APG-115,9032
0,5827,ASN003,9034
0,5828,AU-011,9036
0,5830,HS-10296,9038
0,5831,INCAGN01949,9039
0,5834,XMT-1522,9048
0,5836,TG02,9049
0,5852,CCS1477,9061
0,5857,COM701,9066
0,3571,CPI-444 ,9067
0,5860,M7824,9078
0,5861,FKB238,9082
0,5862,PK11007,9084
0,5866,SM88,9092
0,5869,UD-017,9099
0,5877,NY-ESO-1-c259T,9102
0,5884,BI 894999,9104
0,5889,A-395,9122
0,5890,Elacestrant,9124
0,5890,Elacestrant,9125
0,5891,JS001,9132
0,5891,JS001,9133
0,1028,JNJ-42756493,9140
0,5897,TAS4464,9151
0,5901,AZ5104,9161
0,5902,BMS-813160,9165
0,4461,AdV-tk,9166
0,1359,Ixazomib,9167
0,5912,Asparaginase Erwinia chrysanthemi,9168
0,5914,AZD4785,9180
0,5915,AD80,9183
0,5915,AD80,9185
0,5917,LOXO-195,9187
0,5918,ETP-46464,9204
0,5926,20G7-D9,9209
0,2982,Enasidenib,9212
0,5927,CYD-2-11,9215
0,5967,KU60648,9237
0,5945,A-770041,9241
0,5953,I-BET151,9248
0,5954,CT-P6,9249
0,5962,BAY1895344,9262
0,5969,DT-061,9273
0,2954,KB004,9290
0,5974,REGN2878-DM1,9291
0,5976,9F7-F11,9293
0,5980,JCAR017,9301
0,5981,Tisagenlecleucel,9302
0,1282,Sapanisertib,9306
0,5985,Basiliximab,9394
0,5985,Basiliximab,9395
0,5994,UCART123,9431
0,5997,UCART19,9446
0,5998,NKR-2 cells,9447
0,5999,CART19 cells,9451
0,6004,cIIIA4,9542
0,6006,MI-503,9547
0,6006,MI-503,9548
0,6007,HER2 CAR-T cells,9563
0,6007,HER2 CAR-T cells,9564
0,6011,S2101,9598
0,6011,S2101,9599
0,3647,HGS1029,9601
0,6014,DT204,9602
0,6018,ASTX-660,9603
0,6020,AIC-47,9605
0,6029,Mesothelin CAR-T cells,9614
0,6058,IHSF115,9634
0,6060,MGD013,9638
0,6063,G-TPP,9645
0,1876,Blinatumomab ,9652
0,6072,EPZ030456,9658
1,6071,EPZ031686,9658
0,6073,BCI-121,9659
0,6078,SJB3-019A,9668
0,6084,Silmitasertib,9675
0,6084,Silmitasertib,9677
0,6086,anti-OX40 MoAb,9678
0,6089,LDN-193189,9681
0,6089,LDN-193189,9682
0,6096,L-NMMA,9689
0,6104,EDO-S101,9700
0,6107,Delanzomib,9701
0,6107,Delanzomib,9702
0,6113,Tisotumab Vedotin,9705
0,6125,MV-NIS,9752
0,6125,MV-NIS,9753
0,6128,Lanreotide Depot,9754
0,6137,SHR-1210,9759
0,6141,CS1001,9760
1,6139,GLS-010,9760
0,6140,KN035,9761
0,1651,Prexasertib,9764
0,2914,ABBV-221,9794
0,6147,ISA101b,9848
0,6150,H3B-6545,9849
0,6151,REGN1979,9852
0,6163,ETBX-011,9859
0,6165,RU-A1,9860
0,6173,LY2603618,9870
0,6202,CS-11,9883
0,6180,MU380,9884
0,6190,BC2059,9885
0,6198,HKT288,9886
0,6202,CS-11,9888
0,6206,G1T48,9895
0,2995,AG-881,9914
0,6213,iC9/CAR.19/IL15-Transduced CB-NK,9932
0,2030,Rogaratinib,9936
0,4588,LY3214996,9939
0,6218,MIW815,9940
0,6221,CB-103,9944
0,1053,TAS-120,9948
0,6223,SL-801,9954
0,6224,RX-5902,9955
0,6225,ALM201,9966
0,6230,DS-1205b,9970
0,756,Gemtuzumab ozogamicin,9977
0,6240,ZW25,9992
0,6241,INU-152,9993
0,6242,SB3,9997
0,6243,ABP 980,10002
0,6244,DKN-01,10003
0,1041,PLX8394,10004
0,6256,ISTH0047,10015
0,6264,OMP-336B11,10022
0,6267,IACS-010759,10023
0,6280,P-BCMA-101 CAR-T cells,10031
0,6283,Ad5-yCD/mutTKSR39rep-hIL12 ,10032
0,2031,FGF401,10034
0,6293,SAR439859,10042
0,6304,BTCT4465A,10091
0,6320,TSR-042,10133
0,6331,Isatuximab,10135
0,6336,BTP-114,10140
0,1195,Lurbinectedin,10141
0,6337,LSN3074753,10143
0,6339,R916562,10145
